rank,uri,artist_names,track_name,source,peak_rank,previous_rank,days_on_chart,streams
1,"spotify:track:53iuhJlwXhSER5J2IYYv1W","Taylor Swift","The Fate of Ophelia","Taylor Swift",1,1,61,"6363080"
2,"spotify:track:0bYg9bo50gSsH3LtXe2SQn","Mariah Carey","All I Want for Christmas Is You","Columbia",1,2,503,"5432446"
3,"spotify:track:2FRnf9qhLbvw8fu4IBXx78","Wham!","Last Christmas","Epic",2,3,437,"5128833"
4,"spotify:track:1CPZ5BxNNd0n0nF4Orb9JS","HUNTR/X, EJAE, AUDREY NUNA, REI AMI, KPop Demon Hunters Cast","Golden","K-Pop Demon Hunters",1,4,164,"4827934"
5,"spotify:track:2EjXfH91m7f8HiJN1yQg97","Brenda Lee","Rockin' Around The Christmas Tree","MCA Nashville",2,5,362,"4557114"
6,"spotify:track:1qbmS6ep2hbBRaEZFpn7BX","Olivia Dean","Man I Need","PLG - Capitol",2,6,105,"4257465"
7,"spotify:track:3qhlB30KknSejmIvZZLjOD","Djo","End of Beginning","Djo",1,10,655,"4106639"
8,"spotify:track:7qjZnBKE73H4Oxkopwulqe","sombr","back to friends","Warner Records",1,8,259,"4102055"
9,"spotify:track:7vQbuQcyTflfCIOu3Uzzya","Bobby Helms","Jingle Bell Rock","Geffen",4,7,353,"3934462"
10,"spotify:track:0lizgQ7Qw35od7CYaoMBZb","Ariana Grande","Santa Tell Me","Universal Records",3,9,371,"3631367"
11,"spotify:track:2RkZ5LkEzeHGRsmDqKwmaJ","Alex Warren","Ordinary","Atlantic Records",1,11,299,"3506793"
12,"spotify:track:6sGIMrtIzQjdzNndVxe397","Olivia Dean","So Easy (To Fall In Love)","PLG - Capitol",5,12,67,"3472652"
13,"spotify:track:55lijDD6OAjLFFUHU9tcDm","RAYE","WHERE IS MY HUSBAND!","Human Re Sources",7,14,75,"3339348"
14,"spotify:track:3nAp4IvdMPPWEH9uuXFFV5","Kelly Clarkson","Underneath the Tree","RCA Records Label",6,13,283,"3207620"
15,"spotify:track:7uoFMmxln0GPXQ0AcCBXRq","Sia","Snowman","Monkey Puzzle/Atlantic",9,16,302,"3170825"
16,"spotify:track:2uFaJJtFpPDc5Pa95XzTvg","Dean Martin","Let It Snow! Let It Snow! Let It Snow!","Capitol Records",6,15,261,"3150234"
17,"spotify:track:1rv46mRwDqMEhOBZ7vODg3","Michael Bublé","It's Beginning to Look a Lot like Christmas","Reprise",3,17,341,"3030541"
18,"spotify:track:6dOtVTDdiauQNBQEDOtlAB","Billie Eilish","BIRDS OF A FEATHER","Darkroom/Interscope Records",1,18,565,"2951796"
19,"spotify:track:7so0lgd0zP2Sbgs2d7a1SZ","Lady Gaga, Bruno Mars","Die With A Smile","Interscope Records",1,21,474,"2918949"
20,"spotify:track:3yWuTOYDztXjZxdE2cIRUa","Taylor Swift","Opalite","Taylor Swift",2,22,61,"2857621"
21,"spotify:track:4oVO4fGNRRvEn0CRuFO4qv","ROSALÍA, Yahritza Y Su Esencia","La Perla","Columbia",5,20,26,"2857502"
22,"spotify:track:44xDy4h27s4ENaC8fKnCoC","El Bogueto, Yung Beef","Cuando No Era Cantante","Candela Music",19,25,48,"2837092"
23,"spotify:track:1IcR6RlgvDczfvoWJSSY2A","Andy Williams","It's the Most Wonderful Time of the Year","Columbia",5,19,319,"2747992"
24,"spotify:track:1JSTJqkT5qHq8MDJnJbRE1","The Police","Every Breath You Take","Polydor Records",17,23,1511,"2721746"
25,"spotify:track:4VxTzYm00mg82MuoT35Ja7","Tyla","CHANEL","Epic",25,27,19,"2667797"
26,"spotify:track:27xkOIER6uDLKALIelHylZ","Jin","Don’t Say You Love Me","BIGHIT MUSIC",1,24,201,"2623213"
27,"spotify:track:0cQVqPuHQP4KEwc7ZUQmj6","The Neighbourhood","Sweater Weather","Columbia",12,30,1926,"2590577"
28,"spotify:track:1xOqGUkyxGQRdCvGpvWKmL","KATSEYE","Gabriela","HYBE/Geffen",7,31,166,"2579417"
29,"spotify:track:6Qyc6fS4DsZjB2mRW9DsQs","The Goo Goo Dolls","Iris","Warner Records",9,28,810,"2563798"
30,"spotify:track:1mgoLJV5W6JSWanT5bgf3o","BLOK3","KUSURA BAKMA","Mundo Music",30,35,5,"2517880"
31,"spotify:track:7xapw9Oy21WpfEcib2ErSA","Justin Bieber","Mistletoe","RBMG/Def Jam",11,26,301,"2492947"
32,"spotify:track:4G7bbgD2DHORU4frrWoCXp","DJ Japa NK, MC Meno K, MC Ryan SP, Mc Jacaré, DJ DAVI DOGDOG","Posso Até Não Te Dar Flores","Bololo Records",8,34,48,"2484102"
33,"spotify:track:3hRV0jL3vUpRrcy398teAU","Lord Huron","The Night We Met","Play It Again Sam",15,38,1219,"2484098"
34,"spotify:track:7fUYUcWy853HS8YJn0b3Sr","The Ronettes","Sleigh Ride","Legacy Recordings",9,29,234,"2406011"
35,"spotify:track:3QaPy1KgI7nu9FJEQUgn6h","Billie Eilish","WILDFLOWER","Darkroom/Interscope Records",8,37,565,"2404234"
36,"spotify:track:5humEOJehpAwMJEJmb0JJ2","Nat King Cole","The Christmas Song (Merry Christmas To You)","Capitol Records",14,33,250,"2322870"
37,"spotify:track:7CyPwkp0oE8Ro9Dd5CUDjW","The Weeknd, JENNIE, Lily-Rose Depp","One Of The Girls (with JENNIE, Lily Rose Depp)","XO / Republic Records",2,40,787,"2309357"
38,"spotify:track:67mgz7S5y7hnCE63YBjfO6","Michael Bublé","Holly Jolly Christmas","Reprise",10,32,277,"2285990"
39,"spotify:track:3qCeq0rWK67SoBDgFd2sId","José Feliciano","Feliz Navidad","RCA Records Label",7,36,272,"2264216"
40,"spotify:track:1PtQJZVZIdWIYdARpZRDFO","Kate Bush","Running Up That Hill (A Deal With God)","Fish People",1,39,247,"2252000"
41,"spotify:track:7tI8dRuH2Yc6RuoTjxo4dU","Jimin","Who","BIGHIT MUSIC",1,41,502,"2208202"
42,"spotify:track:3cZajhyr8LmtPfHZ9296tj","Disco Lines, Tinashe","No Broke Boys","Nice Life/Atlantic",12,43,159,"2153685"
43,"spotify:track:5XeFesFbtLpXzIVDNQP22n","Arctic Monkeys","I Wanna Be Yours","Domino Recording Co",11,45,1245,"2142039"
44,"spotify:track:7D0RhFcb3CrfPuTJ0obrod","Coldplay","Sparks","Parlophone UK",26,44,452,"2133649"
45,"spotify:track:70LcF31zb1H0PyJoS1Sx1r","Radiohead","Creep","XL Recordings",22,42,733,"2128234"
46,"spotify:track:21IYMdzTrzSe191Cy5eMap","Gigi Perez","Sailor Song","Outtahere, LLC / Island Records",5,46,472,"2100531"
47,"spotify:track:3xkHsmpQCBMytMJNiDf3Ii","Benson Boone","Beautiful Things","Night Street Records, Inc./Warner Records Inc.",1,48,684,"2038460"
48,"spotify:track:05od2qm2MTSKCHxy1GBp5W","sombr","12 to 12","Warner Records",12,53,128,"1975014"
49,"spotify:track:3AJwUDP919kvQ9QcozQPxg","Coldplay","Yellow","Parlophone UK",15,52,1797,"1927321"
50,"spotify:track:27RYrbL6S02LNVhDWVl38b","John Lennon, Yoko Ono","Happy Xmas (War Is Over) - Remastered 2010","EMI Catalogue",7,50,248,"1880168"
51,"spotify:track:17phhZDn6oGtzMe56NuWvj","Teddy Swims","Lose Control","Warner Records",5,54,748,"1879130"
52,"spotify:track:47ohYW8e7dxCYn9qbUMBCI","Darlene Love","Christmas (Baby Please Come Home)","Legacy Recordings",20,47,163,"1870567"
53,"spotify:track:1SV1fxF65n9NhRHp3KlBuu","Paul McCartney","Wonderful Christmastime - Edited Version / Remastered 2011","Paul McCartney Catalog",10,49,244,"1851597"
54,"spotify:track:4wJ5Qq0jBN4ajy7ouZIV1c","ROSÉ, Bruno Mars","APT.","Atlantic Records",1,55,411,"1840038"
55,"spotify:track:4WFgvKVfEhb3IUAFGrutTR","Ravyn Lenae","Love Me Not","Atlantic Records",8,51,259,"1839476"
56,"spotify:track:2HRgqmZQC0MC7GeNuDIXHN","Jung Kook, Latto","Seven (feat. Latto) (Explicit Ver.)","BIGHIT MUSIC",1,56,872,"1830991"
57,"spotify:track:0TFTAtCYhp2tQ9KcJIZb55","sombr","undressed","Warner Records",6,64,251,"1828449"
58,"spotify:track:7MXVkk9YMctZqd1Srtv4MB","The Weeknd, Daft Punk","Starboy","Universal Republic Records",1,62,1885,"1825144"
59,"spotify:track:1oAwsWBovWRIp7qLMGPIet","Cigarettes After Sex","Apocalypse","Partisan Records",44,60,1210,"1818209"
60,"spotify:track:58ge6dfP91o9oXMzq3XkIS","Arctic Monkeys","505","Domino Recording Co",40,69,1430,"1811840"
61,"spotify:track:0FIDCNYYjNvPVimz5icugS","The Weeknd, Playboi Carti","Timeless (feat Playboi Carti)","XO / Republic Records",2,66,432,"1794555"
62,"spotify:track:6iOndD4OFo7GkaDypWQIou","W Sound, Beéle, Ovy On The Drums","La Plena - W Sound 05","WEA Latina",4,59,280,"1788952"
63,"spotify:track:3hpm0fTeSqlhJbnqAgaLZs","Fuerza Regida","Marlboro Rojo","Rancho Humilde/Street Mob Records/Sony Music Latin",13,57,208,"1787216"
64,"spotify:track:2BwO5K8Q7EPAJSGze3AAh9","Sabrina Carpenter","Manchild","Island Records",1,65,180,"1787130"
65,"spotify:track:0eLtIxPRNJfsmehITZ1qaJ","Aditya Rikhari","Sahiba","T-Series",28,58,149,"1779492"
66,"spotify:track:2HRqTpkrJO5ggZyyK6NPWz","Sabrina Carpenter","Espresso","Island Records",1,67,600,"1754447"
67,"spotify:track:7jtQIBanIiJOMS6RyCx6jZ","Tom Odell","Another Love","ITNO/Columbia",11,77,1691,"1745187"
68,"spotify:track:6eLQXa6uk2EW8drsiKbABZ","Fuerza Regida","TU SANCHO","Rancho Humilde/Street Mob Records/Sony Music Latin",9,61,204,"1731683"
69,"spotify:track:57Z6TJCTMACXxdrcwZ3Zvf","EsDeeKid, Rico Ace","Phantom","Lizzy Records",59,63,18,"1731538"
70,"spotify:track:02sy7FAs8dkDNYsHp4Ul3f","Saja Boys, Andrew Choi, Neckwav, Danny Chung, KEVIN WOO, samUIL Lee, KPop Demon Hunters Cast","Soda Pop","K-Pop Demon Hunters",3,68,163,"1709287"
71,"spotify:track:0ll8uFnc0nANY35E0Lfxvg","Keane","Somewhere Only We Know","Universal-Island Records Ltd.",60,81,1086,"1684390"
72,"spotify:track:2fuYa3Lx06QQJAm0MjztKr","Radiohead","Let Down","XL Recordings",49,70,185,"1679799"
73,"spotify:track:3sK8wGT43QFpWrvNQsrQya","Bad Bunny","DtMF","Rimas Entertainment LLC.",1,71,332,"1674244"
74,"spotify:track:1NXbNEAcPvY5G1xvfN57aA","Tame Impala","Dracula","Columbia",27,78,68,"1669146"
75,"spotify:track:64qfw9JZl3RYCrq4Mn0WvT","Idgitaf","Sedia Aku Sebelum Hujan","idgitaf musik",75,83,3,"1668672"
76,"spotify:track:0d28khcov6AiegSCpG5TuT","Gorillaz, De La Soul","Feel Good Inc.","Parlophone UK",39,74,336,"1662905"
77,"spotify:track:51ZQ1vr10ffzbwIjDCwqm4","Ariana Grande","we can't be friends (wait for your love)","Republic Records",1,73,635,"1662107"
78,"spotify:track:2N9miXnewVmUrgl6JSK1FI","LE SSERAFIM, j-hope","SPAGHETTI","SOURCE MUSIC",19,72,40,"1660895"
79,"spotify:track:6uiQ0DqbXTBc8tl0AUKZkR","Rels B","TU VAS SIN (fav)","DALE PLAY Records / Flakk Team",26,82,142,"1645800"
80,"spotify:track:3siwsiaEoU4Kuuc9WKMUy5","The Marías","No One Noticed","Nice Life/Atlantic",32,75,389,"1638410"
81,"spotify:track:5BZsQlgw21vDOAjoqkNgKb","Justin Bieber","DAISIES","JRC Entertainment, LLC / ILH Production Co. LLC / Def Jam Recordings",1,79,145,"1634377"
82,"spotify:track:0VjIjW4GlUZAMYd2vXMi3b","The Weeknd","Blinding Lights","Republic Records",1,80,2194,"1614347"
83,"spotify:track:0KKkJNfGyhkQ5aFogxQAPU","Bruno Mars","That's What I Like","Atlantic Records",5,93,1103,"1609195"
84,"spotify:track:2lTm559tuIvatlT1u0JYG2","Bad Bunny","BAILE INoLVIDABLE","Rimas Entertainment LLC.",3,84,332,"1600427"
85,"spotify:track:1rIKgCH4H52lrvDcz50hS8","Zara Larsson","Lush Life","Epic/Record Company TEN",62,76,96,"1595501"
86,"spotify:track:1dByUyyoRKL99fJJ6VCQzb","Tate McRae","TIT FOR TAT","RCA Records Label",5,99,68,"1594257"
87,"spotify:track:42VUCXerQ5qTr4Qp6PhKo4","Sabrina Carpenter","Tears","Island Records",1,86,96,"1584255"
88,"spotify:track:7585wxMp2e3IhBq3tJAXgw","Calle 24","SUIZA","WEA Latina",47,-1,132,"1576873"
89,"spotify:track:60a0Rd6pjrkxjPbaKzXjfq","Linkin Park","In the End","Warner Records",7,94,907,"1552527"
90,"spotify:track:7gKxCvTDWwV9wBhdeBbr3l","Olivia Dean","Nice To Each Other","PLG - Capitol",44,88,105,"1535862"
91,"spotify:track:7ne4VBA60CxGM75vw0EYad","Gracie Abrams","That’s So True","Gracie Abrams, under exclusive license to Interscope Records",3,90,411,"1531329"
92,"spotify:track:6K4t31amVTZDgR3sKmwUJJ","Tame Impala","The Less I Know The Better","Universal Music Australia Pty. Ltd.",87,87,403,"1529363"
93,"spotify:track:1zi7xx7UVEFkmKfv06H8x0","Drake, Wizkid, Kyla","One Dance","Cash Money Records/Young Money Ent./Universal Rec.",5,92,1762,"1529288"
94,"spotify:track:3XsaSIPWvM61RIFfeb0BBR","Bing Crosby, Ken Darby Singers, John Scott Trotter & His Orchestra","White Christmas - 1947 Version","Geffen",10,85,245,"1510083"
95,"spotify:track:3GCdLUSnKSMJhs4Tj6CV3s","Kendrick Lamar, SZA","All The Stars (with SZA) - From ""Black Panther: The Album""","Black Panther (TDE/DMG) PS",2,102,908,"1508702"
96,"spotify:track:2uPMsTEKx79gJ8rB3AcT0v","Bizarrap, Daddy Yankee","Daddy Yankee: Bzrp Music Sessions, Vol. 0/66","DALE PLAY Records",7,89,27,"1478914"
97,"spotify:track:0WbMK4wrZ1wFSty9F7FCgu","Chappell Roan","Good Luck, Babe!","Chappell Roan PS/ Island",5,110,603,"1478766"
98,"spotify:track:4xqrdfXkTW4T0RauPLv3WA","Conan Gray","Heather","Republic Records",11,-1,1061,"1470556"
99,"spotify:track:7nrd0eIftH3NQLfgk20Qp9","Blessd, Anuel AA, Yan Block, Luar La L, Kris R., ROA","YOGURCITO REMIX (feat. Kris R., ROA)","WEA Latina",81,112,77,"1470009"
100,"spotify:track:0lYBSQXN6rCTvUZvg9S0lU","DJ Snake, Justin Bieber","Let Me Love You","DJ Snake Def Jam",3,106,552,"1466627"
101,"spotify:track:6fxVffaTuwjgEk5h9QyRjy","Ed Sheeran","Photograph","Atlantic Records UK",40,104,1471,"1460636"
102,"spotify:track:6DH13QYXK7lKkYHSU88N48","Daniel Caesar","Who Knows","Republic Records",95,95,13,"1460059"
103,"spotify:track:0tgVpDi06FyKpA1z0VMD4v","Ed Sheeran","Perfect","Atlantic Records UK",3,114,2967,"1459464"
104,"spotify:track:1mea3bSkSGXuIRvnydlB5b","Coldplay","Viva La Vida","Parlophone UK",27,115,1193,"1458242"
105,"spotify:track:0eaVIYo2zeOaGJeqZ5TwYz","Don Toliver","No Pole","Cactus Jack / Atlantic",58,101,347,"1455006"
106,"spotify:track:1I37Zz2g3hk9eWxaNkj031","Saja Boys, Andrew Choi, Neckwav, Danny Chung, KEVIN WOO, samUIL Lee, KPop Demon Hunters Cast","Your Idol","K-Pop Demon Hunters",3,97,163,"1454975"
107,"spotify:track:5g7sDjBhZ4I3gcFIpkrLuI","Bruno Mars","Locked out of Heaven","Atlantic Records",21,91,1207,"1448887"
108,"spotify:track:2GP6UzoA55p6yYiPCGyEhg","Omar Camacho, Victor Mendivil","2+2","Rico o Muerto Music LLC",77,123,115,"1441701"
109,"spotify:track:0ofHAoxe9vBkTCp2UQIavz","Fleetwood Mac","Dreams - 2004 Remaster","Rhino/Warner Records",17,109,897,"1436993"
110,"spotify:track:0InIeZW4P6VO7dUGRM4AKH","The Marías","Sienna","Nice Life/Atlantic",77,122,87,"1434564"
111,"spotify:track:2nMeu6UenVvwUktBCpLMK9","Lana Del Rey","Young And Beautiful","Polydor Records",79,136,273,"1424719"
112,"spotify:track:7G7mSV4BebkoHWwKTDvXu9","V, Park Hyo Shin","Winter Ahead (with PARK HYO SHIN)","BIGHIT MUSIC",15,124,328,"1423607"
113,"spotify:track:4Yg2w0P29BBBMixyeNjDtj","Band Aid","Do They Know It's Christmas? - 1984 Version","EMI",3,98,246,"1422232"
114,"spotify:track:7J1uxwnxfQLu4APicE5Rnj","Michael Jackson","Billie Jean","Epic",35,117,252,"1418415"
115,"spotify:track:7qiZfU4dY1lWllzX7mPBI3","Ed Sheeran","Shape of You","Atlantic Records UK",1,127,2712,"1416703"
116,"spotify:track:0B7wvvmu9EISAwZnOpjhNI","Bruno Mars","When I Was Your Man","Atlantic Records",28,135,1051,"1412382"
117,"spotify:track:5cF0dROlMOK5uNZtivgu50","Charlie Puth","Attention","Artist Partner",5,125,555,"1411147"
118,"spotify:track:0bxPRWprUVpQK0UFcddkrA","Kehlani","Folded","TSNMI / Atlantic",62,116,124,"1409667"
119,"spotify:track:3A02hWQ2ebOFDWSbAMNnpw","Madison Beer","bittersweet","Epic/Sing It Loud",119,120,11,"1405864"
120,"spotify:track:75JFxkI2RXiU7L9VXzMkle","Coldplay","The Scientist","Parlophone Records Limited",63,131,615,"1405724"
121,"spotify:track:3p4hRhMcb6ch8OLtATMaLw","Cigarettes After Sex","Cry","Partisan Records",28,118,297,"1405609"
122,"spotify:track:5H1sKFMzDeMtXwND3V6hRY","BLACKPINK","JUMP","YG Entertainment",1,113,144,"1402442"
123,"spotify:track:4RvWPyQ5RL0ao9LPZeSouE","Tears For Fears","Everybody Wants To Rule The World","UMC (Universal Music Catalogue)",80,132,926,"1402147"
124,"spotify:track:6IeK3Ap5m3HabwJxgI6eSE","Perry Como, The Fontane Sisters, Mitchell Ayres & His Orchestra","It's Beginning to Look a Lot Like Christmas (with Mitchell Ayres & His Orchestra)","RCA Records Label",17,96,205,"1400715"
125,"spotify:track:2CGNAOSuO1MEFCbBRgUzjd","Kendrick Lamar, SZA","luther (with sza)","pgLang, under exclusive license to Interscope Records",2,128,376,"1399592"
126,"spotify:track:0hz5PNF2wejwUKCMpesQWt","Ed Sheeran, Elton John","Merry Christmas","Atlantic Records UK",16,108,110,"1397571"
127,"spotify:track:2mdrVnxEnPR6iFijakkxQS","Young Cister, Kreamly","QLOO*","Sony Music Entertainment Chile S.A",28,144,127,"1395426"
128,"spotify:track:33MeEaRCeIQMSRyFTr5ZJU","Neton Vega","Pvta Luna","Josa Records (Neton Vega)",117,147,18,"1386524"
129,"spotify:track:312z6PZ8wwREck8613PkJk","Olivia Dean","A Couple Minutes","PLG - Capitol",109,121,16,"1383822"
130,"spotify:track:4NyUIohBa3CEMGcXURYSOh","Herencia De Grandes","Ya Borracho","Rancho Humilde",126,137,14,"1380345"
131,"spotify:track:0je57Uq5eTk1wrPzn9sWbl","Sabrina Carpenter","When Did You Get Hot?","Island Records",9,130,96,"1376503"
132,"spotify:track:003vvx7Niy0yvhvHt4a68B","The Killers","Mr. Brightside","Island Records",59,119,1423,"1375489"
133,"spotify:track:27qAMKrDdKEs8HDXcvR24R","Chris Rea","Driving Home for Christmas - 2019 Remaster","Rhino",8,100,235,"1374823"
134,"spotify:track:2LBqCSwhJGcFQeTHMVGwy3","The Weeknd","Die For You","Universal Republic Records",9,126,1397,"1370299"
135,"spotify:track:4rMNgxEwGWoPHIUcvB5BrB","Bruno Mars","It Will Rain","Elektra (NEK)",29,111,121,"1369823"
136,"spotify:track:3qdeRGn9erK9sjs1kUtBys","Fuerza Regida","CHAVALITAS","Rancho Humilde/Street Mob Records/Sony Music Latin",52,103,19,"1369246"
137,"spotify:track:0COqiPhxzoWICwFCS4eZcp","Evanescence","Bring Me To Life","The Bicycle Music Company",72,149,234,"1368958"
138,"spotify:track:4tHqQMWSqmL6YjXwsqthDI","John Williams","Carol of the Bells (From ""Home Alone"" Soundtrack)","Masterworks",24,105,95,"1362687"
139,"spotify:track:4e76Ss3ji7HQZ4qwcPNkNA","Junior H","MIENTRAS DUERMES","WEA Latina",113,169,64,"1362549"
140,"spotify:track:2TE4xW3ImvpltVU0cPcKUn","Shakin' Stevens","Merry Christmas Everyone","Sony Music CG",16,107,226,"1360161"
141,"spotify:track:0l0vcZMU7AOeQmUIREoI2U","Rauw Alejandro, Bad Bunny","Qué Pasaría...","Sony Music Latin/Duars Entertainment",13,153,349,"1358348"
142,"spotify:track:2uXlHCUbq9OMUwx3hrk06o","Vance Joy","Riptide","Atlantic Records",28,142,1755,"1352112"
143,"spotify:track:1k0JAiH11gHL9dc5dfQjQr","ILLIT","NOT CUTE ANYMORE","BELIFT LAB",134,134,5,"1348852"
144,"spotify:track:2nLtzopw4rPReszdYBJU6h","Linkin Park","Numb","Warner Records",12,163,627,"1334821"
145,"spotify:track:5qqabIl2vWzo9ApSC317sa","Oasis","Wonderwall - Remastered","Big Brother",16,164,835,"1332396"
146,"spotify:track:2O3MQ6H3gjrIWDcpeTrikT","Kelly Clarkson, Ariana Grande","Santa, Can’t You Hear Me","Atlantic Records",32,129,65,"1322391"
147,"spotify:track:2pnPe4pJtq7689i5ydzvJJ","Chuck Berry","Run Rudolph Run","Geffen*",27,140,147,"1321182"
148,"spotify:track:7BqBn9nzAq8spo5e7cZ0dJ","Bruno Mars","Just the Way You Are","Atlantic Records",27,167,1042,"1319906"
149,"spotify:track:1zu5ZpnrSArdoaT6Qq3yo9","Pamungkas","Monolog","Maspam Company Ltd.",70,138,113,"1313104"
150,"spotify:track:0gucTLf7trAf37Ua1uAyAu","Nirvana","Smells Like Teen Spirit","Geffen",92,159,921,"1309168"
151,"spotify:track:5UJbgR4XF4y1DvbkxEqe8S","Tate McRae","Sports car","RCA Records Label",14,150,312,"1304685"
152,"spotify:track:3QIoEi8Enr9uHffwInGIsC","Eagles","Please Come Home for Christmas - 2013 Remaster","Rhino/Elektra",31,133,62,"1304037"
153,"spotify:track:0u2P5u6lvoDfwTYjAADbn4","Billie Eilish, Khalid","lovely (with Khalid)","Darkroom",19,156,2716,"1304029"
154,"spotify:track:5sBDrrtLGbV64QJnEqfjer","HUNTR/X, EJAE, AUDREY NUNA, REI AMI, KPop Demon Hunters Cast","What It Sounds Like","K-Pop Demon Hunters",7,145,163,"1303824"
155,"spotify:track:7lQ8MOhq6IN2w8EYcFNSUk","Eminem","Without Me","Eminem Catalog PS",29,172,1446,"1299804"
156,"spotify:track:2tpWsVSb9UEmDRxAl1zhX1","OneRepublic","Counting Stars","Mosley / Interscope",78,152,1687,"1298843"
157,"spotify:track:0fK7ie6XwGxQTIkpFoWkd1","JENNIE","like JENNIE","OA Entertainment/Columbia",5,165,270,"1298586"
158,"spotify:track:3RXUgPNIbUgFxsDWuBQEt6","HUNTR/X, EJAE, AUDREY NUNA, REI AMI, KPop Demon Hunters Cast","How It’s Done","K-Pop Demon Hunters",6,146,163,"1296587"
159,"spotify:track:4Dvkj6JhhA12EX05fT7y2e","Harry Styles","As It Was","Columbia",1,173,1295,"1295614"
160,"spotify:track:2uIX8YMNjGMD7441kqyyNU","Billie Eilish","ocean eyes","Darkroom",79,170,599,"1285898"
161,"spotify:track:2FPfeYlrbSBR8PwCU0zaqq","Frank Sinatra","Have Yourself A Merry Little Christmas - Remastered 1999","Capitol Records",36,143,45,"1284201"
162,"spotify:track:3Vd4fHzwS6pBS3muymjiDi","Olivia Dean","Let Alone The One You Love","PLG - Capitol",111,160,16,"1280905"
163,"spotify:track:6czM6UMQD9qE5GAUp68oud","Justin Bieber, Chance the Rapper","Confident","RBMG/Def Jam",133,195,82,"1278711"
164,"spotify:track:5TFD2bmFKGhoCRbX61nXY5","Bad Bunny","NUEVAYoL","Rimas Entertainment LLC.",5,154,332,"1272868"
165,"spotify:track:2mdEsXPu8ZmkHRRtAdC09e","Lana Del Rey","Cinnamon Girl","Polydor Records",70,181,77,"1271825"
166,"spotify:track:7koAf6aZgjO6TS7bipfPD0","Ovy On The Drums, Quevedo, Beéle","YO y TÚ","WEA Latina",33,166,169,"1271303"
167,"spotify:track:554qQSs9lpRVq6TlaaiIKT","EsDeeKid","4 Raws","Lizzy Records",106,157,7,"1268837"
168,"spotify:track:7KA4W4McWYRpgf0fWsJZWB","Tyler, The Creator, Kali Uchis","See You Again (feat. Kali Uchis)","Columbia",13,158,1004,"1268465"
169,"spotify:track:3B2ZpJeewPvhAkjXtTkdtJ","Tate McRae","NOBODY'S GIRL","RCA Records Label",8,168,11,"1264591"
170,"spotify:track:5EcG8eMMlwkHRVa4aTR1qd","Rihanna","Breakin' Dishes","Def Jam Recordings",32,155,249,"1263750"
171,"spotify:track:1WwQ714xuznu44tEnkem2g","HAVEN., Kaitlin Aragon","I Run","Isekai / Broke / AAO",39,139,9,"1258430"
172,"spotify:track:35ISBknsCeZQtq66xABI9g","Lola Young","Messy","Universal-Island Records Ltd.",8,176,365,"1257028"
173,"spotify:track:10nyNJ6zNy2YVYLrcwLccB","Radiohead","No Surprises","XL Recordings",87,171,66,"1255870"
174,"spotify:track:1XGmzt0PVuFgQYYnV2It7A","Maroon 5, Wiz Khalifa","Payphone","Interscope Records*",46,183,611,"1247290"
175,"spotify:track:3zEN0ii6s4DHHBpnTp3RP7","Empire Of The Sun","We Are The People","EMI Recorded Music Australia Pty Ltd",89,177,139,"1243986"
176,"spotify:track:5e9TFTbltYBg2xThimr0rU","Fleetwood Mac","The Chain - 2004 Remaster","Rhino/Warner Records",103,187,120,"1243339"
177,"spotify:track:5AEOqLsRJFAoSS4ay4Jzao","Nirvana","Come As You Are","Geffen",143,161,119,"1241916"
178,"spotify:track:7snQQk1zcKl8gZ92AnueZW","Guns N' Roses","Sweet Child O' Mine","Guns N Roses P&D",94,179,363,"1241219"
179,"spotify:track:77khP2fIVhSW23NwxrRluh","Burl Ives","A Holly Jolly Christmas","Geffen",13,141,222,"1238972"
180,"spotify:track:43iIQbw5hx986dUEZbr3eN","Laufey","From The Start","Laufey",80,182,162,"1235659"
181,"spotify:track:5O2P9iiztwhomNh8xkR9lJ","One Direction","Night Changes","Syco Music",6,194,1063,"1233402"
182,"spotify:track:0YVh3SyU4dS7jOWIFQ1tTf","Chris Grey","LET THE WORLD BURN","Chris Grey",153,175,10,"1227485"
183,"spotify:track:7BKLCZ1jbUBVqRi2FVlTVw","The Chainsmokers, Halsey","Closer","Disruptor Records/Columbia",2,192,1557,"1227369"
184,"spotify:track:6eODMWDVi22dpEZJoqg5h7","Laufey","Winter Wonderland","Vingolf Recordings",23,148,43,"1224631"
185,"spotify:track:1jgTiNob5cVyXeJ3WgX5bL","Taylor Swift","Elizabeth Taylor","Taylor Swift",2,185,60,"1214108"
186,"spotify:track:1FEiijYPJtyswChfcpv3p0","Lana Del Rey","Summertime Sadness","Polydor Records",74,184,1030,"1209106"
187,"spotify:track:1lJOLxDS8kS2rihrqezMcv","EsDeeKid","Century","Lizzy Records",176,178,4,"1208493"
188,"spotify:track:1HEwEN64NjgTaHmo7LfkX8","Beéle","no tiene sentido","5020 Records",15,188,195,"1208187"
189,"spotify:track:6393yGahSJ9slVdOwSxOVR","Chappell Roan","Pink Pony Club","Chappell Roan PS/ Island",18,191,473,"1207482"
190,"spotify:track:3QiAAp20rPC3dcAtKtMaqQ","Elvis Presley","Blue Christmas","RCA Victor",21,162,194,"1201904"
191,"spotify:track:2WfaOiMkCvy7F5fcp2zZ8L","a-ha","Take on Me","Rhino",36,180,605,"1198283"
192,"spotify:track:4kKdvXD0ez7jp1296JmAts","Frank Sinatra, B. Swanson Quartet","Let It Snow! Let It Snow! Let It Snow! (with The B. Swanson Quartet)","Columbia/Legacy",10,151,256,"1197026"
193,"spotify:track:1QV6tiMFM6fSOKOGLMHYYg","Lady Gaga","Poker Face","Streamline/Interscope",24,-1,304,"1196593"
194,"spotify:track:19XpFsce28aByvCC4g89tJ","Hozier","Too Sweet","Rubyworks / Universal-Island Records Ltd",2,193,600,"1195382"
195,"spotify:track:6J5kc12BW5HuP3d7C3vvx8","Bad Bunny","EoO","Rimas Entertainment LLC.",9,-1,329,"1192808"
196,"spotify:track:561jH07mF1jHuk7KlaeF0s","Eminem","Mockingbird","Eminem Catalog PS",20,199,740,"1191479"
197,"spotify:track:1PREzVLuDT6PSE9sej4wnV","Fuerza Regida, Grupo Frontera","COQUETA","Rancho Humilde/Streetmob Records/Grupo Frontera/Sony Music Latin",77,-1,213,"1191271"
198,"spotify:track:3CRDbSIZ4r5MsZ0YwxuEkn","Twenty One Pilots","Stressed Out","Fueled By Ramen",63,198,413,"1190834"
199,"spotify:track:2yWlGEgEfPot0lv3OAjuG3","Tate McRae, F1 The Album","Just Keep Watching (From F1® The Movie)","Atlantic Records",7,189,187,"1190312"
200,"spotify:track:54PbBpquVfhfrwRwvjSXbI","Charlie Puth, Selena Gomez","We Don't Talk Anymore (feat. Selena Gomez)","Artist Partner",39,-1,443,"1187496"
